{
    "Detroit Lions": {
        "Defensive_Stat": 1.0408921933085502,
        "BigPlay": 1.3183520599250935,
        "Fumble": 1.9591836734693877,
        "QB_combined_stat": 0.5497216953829465,
        "Run_game_stat": 1.3511313536007965
    },
    "New York Jets": {
        "Defensive_Stat": 1.2490706319702602,
        "BigPlay": 1.198501872659176,
        "Fumble": 0.7656250000000001,
        "QB_combined_stat": 1.3332411111798734,
        "Run_game_stat": 1.2589514277760867
    },
    "Baltimore Ravens": {
        "Defensive_Stat": 1.1301115241635689,
        "BigPlay": 1.198501872659176,
        "Fumble": 1.9591836734693877,
        "QB_combined_stat": 1.1462728295334168,
        "Run_game_stat": 1.4350273585766142
    },
    "Minnesota Vikings": {
        "Defensive_Stat": 1.903345724907063,
        "BigPlay": 1.198501872659176,
        "Fumble": 0.5104166666666666,
        "QB_combined_stat": 1.3286979566725765,
        "Run_game_stat": 1.017195027144836
    },
    "New England Patriots": {
        "Defensive_Stat": 0.8029739776951673,
        "BigPlay": 0.3595505617977528,
        "Fumble": 0.5104166666666666,
        "QB_combined_stat": 0.7041889486310472,
        "Run_game_stat": 0.7081997471169336
    },
    "New Orleans Saints": {
        "Defensive_Stat": 1.962825278810409,
        "BigPlay": 0.3595505617977528,
        "Fumble": 1.9591836734693877,
        "QB_combined_stat": 1.3748284485928237,
        "Run_game_stat": 0.36243574139289
    },
    "Buffalo Bills": {
        "Defensive_Stat": 1.6059479553903346,
        "BigPlay": 1.0786516853932584,
        "Fumble": 1.5312500000000002,
        "QB_combined_stat": 1.5810177685393834,
        "Run_game_stat": 1.3655563821454282
    },
    "Pittsburgh Steelers": {
        "Defensive_Stat": 1.1301115241635689,
        "BigPlay": 0.9588014981273408,
        "Fumble": 0.7656250000000001,
        "QB_combined_stat": 0.9980960979108044,
        "Run_game_stat": 0.7345587839156573
    },
    "Cincinnati Bengals": {
        "Defensive_Stat": 1.0111524163568772,
        "BigPlay": 0.7191011235955056,
        "Fumble": 0.7656250000000001,
        "QB_combined_stat": 1.1847149061336228,
        "Run_game_stat": 1.035206021034403
    },
    "Tennessee Titans": {
        "Defensive_Stat": 0.35687732342007433,
        "BigPlay": 1.198501872659176,
        "Fumble": 1.9591836734693877,
        "QB_combined_stat": 0.7457762860439974,
        "Run_game_stat": 0.928208217586983
    },
    "New York Giants": {
        "Defensive_Stat": 1.4275092936802973,
        "BigPlay": 0.599250936329588,
        "Fumble": 0.5104166666666666,
        "QB_combined_stat": 0.9470729780596219,
        "Run_game_stat": 1.0705007510161026
    },
    "Denver Broncos": {
        "Defensive_Stat": 0.9516728624535316,
        "BigPlay": 1.198501872659176,
        "Fumble": 0.7656250000000001,
        "QB_combined_stat": 0.8177678113134742,
        "Run_game_stat": 1.0183597759610383
    },
    "Arizona Cardinals": {
        "Defensive_Stat": 0.9516728624535316,
        "BigPlay": 1.5580524344569289,
        "Fumble": 0.7656250000000001,
        "QB_combined_stat": 1.260201165639482,
        "Run_game_stat": 0.7624843469967993
    },
    "Green Bay Packers": {
        "Defensive_Stat": 1.7843866171003717,
        "BigPlay": 2.0374531835205993,
        "Fumble": 0.7656250000000001,
        "QB_combined_stat": 1.4831652099206771,
        "Run_game_stat": 1.1589534806289652
    },
    "Seattle Seahawks": {
        "Defensive_Stat": 1.1301115241635689,
        "BigPlay": 0.7191011235955056,
        "Fumble": 1.5312500000000002,
        "QB_combined_stat": 1.0903570817512989,
        "Run_game_stat": 1.0972786103856698
    },
    "Los Angeles Chargers": {
        "Defensive_Stat": 0.8327137546468402,
        "BigPlay": 0.7191011235955056,
        "Fumble": 1.9591836734693877,
        "QB_combined_stat": 0.8576077816082333,
        "Run_game_stat": 0.7215760958911589
    },
    "Houston Texans": {
        "Defensive_Stat": 1.3680297397769516,
        "BigPlay": 0.7191011235955056,
        "Fumble": 1.5312500000000002,
        "QB_combined_stat": 0.9370547399153256,
        "Run_game_stat": 0.9958886463606483
    },
    "Miami Dolphins": {
        "Defensive_Stat": 0.9516728624535316,
        "BigPlay": 0.9588014981273408,
        "Fumble": 1.5312500000000002,
        "QB_combined_stat": 0.5284038165410141,
        "Run_game_stat": 1.629317201178939
    },
    "Dallas Cowboys": {
        "Defensive_Stat": 1.070631970260223,
        "BigPlay": 1.3183520599250935,
        "Fumble": 0.7656250000000001,
        "QB_combined_stat": 0.683220543212753,
        "Run_game_stat": 1.7682212760310279
    },
    "Cleveland Browns": {
        "Defensive_Stat": 0.9516728624535316,
        "BigPlay": 0.8389513108614233,
        "Fumble": 0.7656250000000001,
        "QB_combined_stat": 0.6479237274252911,
        "Run_game_stat": 0.6198452297735904
    },
    "Chicago Bears": {
        "Defensive_Stat": 1.2490706319702602,
        "BigPlay": 0.7191011235955056,
        "Fumble": 0.7656250000000001,
        "QB_combined_stat": 0.6437300463416322,
        "Run_game_stat": 0.9804344181651842
    },
    "Philadelphia Eagles": {
        "Defensive_Stat": 0.7137546468401487,
        "BigPlay": 1.198501872659176,
        "Fumble": 0.5104166666666666,
        "QB_combined_stat": 1.028849759190969,
        "Run_game_stat": 0.890322631701926
    },
    "San Francisco 49ers": {
        "Defensive_Stat": 1.1301115241635689,
        "BigPlay": 1.4382022471910112,
        "Fumble": 0.7656250000000001,
        "QB_combined_stat": 1.2846643052941586,
        "Run_game_stat": 0.5658122481048902
    },
    "Jacksonville Jaguars": {
        "Defensive_Stat": 0.2379182156133829,
        "BigPlay": 1.198501872659176,
        "Fumble": 1.5312500000000002,
        "QB_combined_stat": 0.6601552972526294,
        "Run_game_stat": 0.5458524305862632
    },
    "Los Angeles Rams": {
        "Defensive_Stat": 0.5947955390334573,
        "BigPlay": 0.9588014981273408,
        "Fumble": 1.9591836734693877,
        "QB_combined_stat": 1.0323444934273516,
        "Run_game_stat": 0.9520259104529337
    },
    "Atlanta Falcons": {
        "Defensive_Stat": 0.5353159851301115,
        "BigPlay": 0.8389513108614233,
        "Fumble": 0.7656250000000001,
        "QB_combined_stat": 0.9722350645615748,
        "Run_game_stat": 1.1018807886350543
    },
    "Carolina Panthers": {
        "Defensive_Stat": 0.7732342007434945,
        "BigPlay": 0.599250936329588,
        "Fumble": 1.5312500000000002,
        "QB_combined_stat": 0.910378268577607,
        "Run_game_stat": 0.7449847062460532
    },
    "Kansas City Chiefs": {
        "Defensive_Stat": 1.338289962825279,
        "BigPlay": 0.8389513108614233,
        "Fumble": 1.5312500000000002,
        "QB_combined_stat": 0.9610519150051513,
        "Run_game_stat": 1.2908257734292314
    },
    "Indianapolis Colts": {
        "Defensive_Stat": 0.44609665427509293,
        "BigPlay": 1.4382022471910112,
        "Fumble": 0.5104166666666666,
        "QB_combined_stat": 0.7415826049603386,
        "Run_game_stat": 0.7779385751922636
    },
    "Las Vegas Raiders": {
        "Defensive_Stat": 0.29739776951672864,
        "BigPlay": 0.9588014981273408,
        "Fumble": 1.5312500000000002,
        "QB_combined_stat": 1.2277001372411258,
        "Run_game_stat": 1.0691371426459146
    },
    "Tampa Bay Buccaneers": {
        "Defensive_Stat": 0.8327137546468402,
        "BigPlay": 0.4794007490636704,
        "Fumble": 1.5312500000000002,
        "QB_combined_stat": 1.0903570817512989,
        "Run_game_stat": 1.1679305690660364
    }
}