{
    "Minnesota Vikings": 1.541127425185083,
    "Buffalo Bills": 1.415250404640838,
    "New Orleans Saints": 1.2930916024402956,
    "Pittsburgh Steelers": 1.2054004719704923,
    "Green Bay Packers": 1.1782374246251197,
    "Seattle Seahawks": 1.116005569399881,
    "Detroit Lions": 1.0560812116778837,
    "Arizona Cardinals": 1.0405787635842936,
    "Kansas City Chiefs": 1.0387640223990482,
    "Baltimore Ravens": 1.0360062377793622,
    "New York Jets": 1.0131988098062494,
    "Los Angeles Chargers": 1.001960883951452,
    "Dallas Cowboys": 0.9734073694487825,
    "Los Angeles Rams": 0.9202917863756785,
    "Tampa Bay Buccaneers": 0.9162502100822228,
    "Tennessee Titans": 0.9156923056570693,
    "Houston Texans": 0.9091523271008126,
    "Denver Broncos": 0.9003134650975992,
    "Philadelphia Eagles": 0.8976655677938409,
    "Las Vegas Raiders": 0.8878358385592149,
    "Miami Dolphins": 0.8813851847032668,
    "San Francisco 49ers": 0.8436168498124301,
    "Cincinnati Bengals": 0.8245762422198467,
    "Chicago Bears": 0.8130035636072463,
    "Atlanta Falcons": 0.8031494493762293,
    "New York Giants": 0.775537139674394,
    "Washington Commanders": 0.7445799689864859,
    "Jacksonville Jaguars": 0.7299728661263065,
    "Indianapolis Colts": 0.7081683555360445,
    "Carolina Panthers": 0.7074196084182357,
    "Cleveland Browns": 0.6480019776261852,
    "New England Patriots": 0.5895708740212646
}