{
    "Minnesota Vikings": 1.1482961043650457,
    "Green Bay Packers": 1.0451610605702728,
    "Kansas City Chiefs": 0.9979814175705395,
    "Washington Commanders": 0.9802514527826099,
    "Detroit Lions": 0.8974404964584034,
    "Chicago Bears": 0.8816991085339214,
    "Buffalo Bills": 0.8749615801032713,
    "Denver Broncos": 0.8400746914843279,
    "San Francisco 49ers": 0.8293774840634581,
    "Seattle Seahawks": 0.8223606493579592,
    "Dallas Cowboys": 0.8049091386359162,
    "Houston Texans": 0.7851024126610661,
    "Tampa Bay Buccaneers": 0.7726013205484972,
    "Pittsburgh Steelers": 0.7698171110855413,
    "Baltimore Ravens": 0.7663538886165858,
    "Arizona Cardinals": 0.7663419066589268,
    "Atlanta Falcons": 0.76057896667279,
    "New Orleans Saints": 0.7433790007191792,
    "New York Jets": 0.7295504212579449,
    "Cincinnati Bengals": 0.6819224124460765,
    "New York Giants": 0.6182609745141268,
    "Tennessee Titans": 0.6119542658153669,
    "Los Angeles Chargers": 0.6106856237753719,
    "Indianapolis Colts": 0.5861798452428355,
    "Cleveland Browns": 0.5784249977179692,
    "Miami Dolphins": 0.5745844936678283,
    "Las Vegas Raiders": 0.5418500964657336,
    "Jacksonville Jaguars": 0.5390789701551009,
    "New England Patriots": 0.527376975320464,
    "Philadelphia Eagles": 0.5238100790940623,
    "Los Angeles Rams": 0.5219679068277732,
    "Carolina Panthers": 0.508929942806404
}